lunarlander_case_safe_0.vnnlib,model.onnx,3
lunarlander_case_unsafe_1.vnnlib,model.onnx,2
lunarlander_case_unsafe_2.vnnlib,model.onnx,2
lunarlander_case_safe_3.vnnlib,model.onnx,3
lunarlander_case_safe_4.vnnlib,model.onnx,2
lunarlander_case_safe_5.vnnlib,model.onnx,2
lunarlander_case_unsafe_6.vnnlib,model.onnx,2
lunarlander_case_unsafe_7.vnnlib,model.onnx,2
lunarlander_case_safe_8.vnnlib,model.onnx,3
lunarlander_case_unsafe_9.vnnlib,model.onnx,2
lunarlander_case_safe_10.vnnlib,model.onnx,3
lunarlander_case_safe_11.vnnlib,model.onnx,2
lunarlander_case_unsafe_12.vnnlib,model.onnx,2
lunarlander_case_safe_13.vnnlib,model.onnx,4
lunarlander_case_safe_14.vnnlib,model.onnx,5
lunarlander_case_unsafe_15.vnnlib,model.onnx,4
lunarlander_case_unsafe_16.vnnlib,model.onnx,4
lunarlander_case_unsafe_17.vnnlib,model.onnx,2
lunarlander_case_safe_18.vnnlib,model.onnx,2
lunarlander_case_unsafe_19.vnnlib,model.onnx,8
lunarlander_case_safe_20.vnnlib,model.onnx,8
lunarlander_case_unsafe_21.vnnlib,model.onnx,4
lunarlander_case_safe_22.vnnlib,model.onnx,6
lunarlander_case_unsafe_23.vnnlib,model.onnx,6
lunarlander_case_unsafe_24.vnnlib,model.onnx,8
lunarlander_case_unsafe_25.vnnlib,model.onnx,8
lunarlander_case_safe_26.vnnlib,model.onnx,9
lunarlander_case_unsafe_27.vnnlib,model.onnx,2
lunarlander_case_unsafe_28.vnnlib,model.onnx,2
lunarlander_case_safe_29.vnnlib,model.onnx,2
lunarlander_case_safe_30.vnnlib,model.onnx,2
lunarlander_case_unsafe_31.vnnlib,model.onnx,2
lunarlander_case_safe_32.vnnlib,model.onnx,2
lunarlander_case_unsafe_33.vnnlib,model.onnx,3
lunarlander_case_safe_34.vnnlib,model.onnx,4
lunarlander_case_unsafe_35.vnnlib,model.onnx,2
lunarlander_case_safe_36.vnnlib,model.onnx,3
lunarlander_case_unsafe_37.vnnlib,model.onnx,2
lunarlander_case_safe_38.vnnlib,model.onnx,3
lunarlander_case_safe_39.vnnlib,model.onnx,2
lunarlander_case_unsafe_40.vnnlib,model.onnx,3
lunarlander_case_safe_41.vnnlib,model.onnx,2
lunarlander_case_unsafe_42.vnnlib,model.onnx,2
lunarlander_case_unsafe_43.vnnlib,model.onnx,2
lunarlander_case_safe_44.vnnlib,model.onnx,5
lunarlander_case_safe_45.vnnlib,model.onnx,4
lunarlander_case_unsafe_46.vnnlib,model.onnx,8
lunarlander_case_safe_47.vnnlib,model.onnx,8
lunarlander_case_unsafe_48.vnnlib,model.onnx,6
lunarlander_case_unsafe_49.vnnlib,model.onnx,10
lunarlander_case_safe_50.vnnlib,model.onnx,5
lunarlander_case_unsafe_51.vnnlib,model.onnx,12
lunarlander_case_safe_52.vnnlib,model.onnx,10
lunarlander_case_safe_53.vnnlib,model.onnx,8
