cartpole_case_unsafe_0.vnnlib,model.onnx,7
cartpole_case_unsafe_1.vnnlib,model.onnx,8
cartpole_case_unsafe_2.vnnlib,model.onnx,5
cartpole_case_unsafe_3.vnnlib,model.onnx,4
cartpole_case_unsafe_4.vnnlib,model.onnx,2
cartpole_case_unsafe_5.vnnlib,model.onnx,9
cartpole_case_unsafe_6.vnnlib,model.onnx,3
cartpole_case_unsafe_7.vnnlib,model.onnx,6
cartpole_case_unsafe_8.vnnlib,model.onnx,7
cartpole_case_unsafe_9.vnnlib,model.onnx,4
cartpole_case_unsafe_10.vnnlib,model.onnx,9
cartpole_case_unsafe_11.vnnlib,model.onnx,9
cartpole_case_unsafe_12.vnnlib,model.onnx,7
cartpole_case_unsafe_13.vnnlib,model.onnx,1
cartpole_case_unsafe_14.vnnlib,model.onnx,6
cartpole_case_unsafe_15.vnnlib,model.onnx,2
cartpole_case_unsafe_16.vnnlib,model.onnx,4
cartpole_case_unsafe_17.vnnlib,model.onnx,9
cartpole_case_unsafe_18.vnnlib,model.onnx,6
cartpole_case_unsafe_19.vnnlib,model.onnx,8
cartpole_case_unsafe_20.vnnlib,model.onnx,2
cartpole_case_unsafe_21.vnnlib,model.onnx,9
cartpole_case_unsafe_22.vnnlib,model.onnx,9
cartpole_case_unsafe_23.vnnlib,model.onnx,10
cartpole_case_unsafe_24.vnnlib,model.onnx,4
cartpole_case_unsafe_25.vnnlib,model.onnx,3
cartpole_case_unsafe_26.vnnlib,model.onnx,5
cartpole_case_unsafe_27.vnnlib,model.onnx,3
cartpole_case_unsafe_28.vnnlib,model.onnx,2
cartpole_case_unsafe_29.vnnlib,model.onnx,9
cartpole_case_unsafe_30.vnnlib,model.onnx,9
cartpole_case_unsafe_31.vnnlib,model.onnx,4
cartpole_case_unsafe_32.vnnlib,model.onnx,7
cartpole_case_unsafe_33.vnnlib,model.onnx,6
cartpole_case_unsafe_34.vnnlib,model.onnx,8
cartpole_case_unsafe_35.vnnlib,model.onnx,4
cartpole_case_unsafe_36.vnnlib,model.onnx,2
cartpole_case_unsafe_37.vnnlib,model.onnx,3
cartpole_case_unsafe_38.vnnlib,model.onnx,2
cartpole_case_unsafe_39.vnnlib,model.onnx,4
cartpole_case_unsafe_40.vnnlib,model.onnx,9
cartpole_case_unsafe_41.vnnlib,model.onnx,2
cartpole_case_unsafe_42.vnnlib,model.onnx,10
cartpole_case_unsafe_43.vnnlib,model.onnx,2
cartpole_case_unsafe_44.vnnlib,model.onnx,3
cartpole_case_unsafe_45.vnnlib,model.onnx,1
cartpole_case_unsafe_46.vnnlib,model.onnx,7
cartpole_case_unsafe_47.vnnlib,model.onnx,2
cartpole_case_unsafe_48.vnnlib,model.onnx,6
cartpole_case_unsafe_49.vnnlib,model.onnx,8
cartpole_case_safe_50.vnnlib,model.onnx,7
cartpole_case_safe_51.vnnlib,model.onnx,8
cartpole_case_safe_52.vnnlib,model.onnx,3
cartpole_case_safe_53.vnnlib,model.onnx,1
cartpole_case_safe_54.vnnlib,model.onnx,3
cartpole_case_safe_55.vnnlib,model.onnx,10
cartpole_case_safe_56.vnnlib,model.onnx,1
cartpole_case_safe_57.vnnlib,model.onnx,10
cartpole_case_safe_58.vnnlib,model.onnx,6
cartpole_case_safe_59.vnnlib,model.onnx,3
cartpole_case_safe_60.vnnlib,model.onnx,2
cartpole_case_safe_61.vnnlib,model.onnx,5
cartpole_case_safe_62.vnnlib,model.onnx,8
cartpole_case_safe_63.vnnlib,model.onnx,6
cartpole_case_safe_64.vnnlib,model.onnx,10
cartpole_case_safe_65.vnnlib,model.onnx,7
cartpole_case_safe_66.vnnlib,model.onnx,10
cartpole_case_safe_67.vnnlib,model.onnx,4
cartpole_case_safe_68.vnnlib,model.onnx,10
cartpole_case_safe_69.vnnlib,model.onnx,10
cartpole_case_safe_70.vnnlib,model.onnx,1
cartpole_case_safe_71.vnnlib,model.onnx,3
cartpole_case_safe_72.vnnlib,model.onnx,9
cartpole_case_safe_73.vnnlib,model.onnx,1
cartpole_case_safe_74.vnnlib,model.onnx,8
cartpole_case_safe_75.vnnlib,model.onnx,7
cartpole_case_safe_76.vnnlib,model.onnx,2
cartpole_case_safe_77.vnnlib,model.onnx,1
cartpole_case_safe_78.vnnlib,model.onnx,6
cartpole_case_safe_79.vnnlib,model.onnx,1
cartpole_case_safe_80.vnnlib,model.onnx,10
cartpole_case_safe_81.vnnlib,model.onnx,4
cartpole_case_safe_82.vnnlib,model.onnx,3
cartpole_case_safe_83.vnnlib,model.onnx,7
cartpole_case_safe_84.vnnlib,model.onnx,8
cartpole_case_safe_85.vnnlib,model.onnx,5
cartpole_case_safe_86.vnnlib,model.onnx,6
cartpole_case_safe_87.vnnlib,model.onnx,1
cartpole_case_safe_88.vnnlib,model.onnx,5
cartpole_case_safe_89.vnnlib,model.onnx,10
cartpole_case_safe_90.vnnlib,model.onnx,10
cartpole_case_safe_91.vnnlib,model.onnx,8
cartpole_case_safe_92.vnnlib,model.onnx,9
cartpole_case_safe_93.vnnlib,model.onnx,5
cartpole_case_safe_94.vnnlib,model.onnx,6
cartpole_case_safe_95.vnnlib,model.onnx,2
cartpole_case_safe_96.vnnlib,model.onnx,1
cartpole_case_safe_97.vnnlib,model.onnx,10
cartpole_case_safe_98.vnnlib,model.onnx,9
cartpole_case_safe_99.vnnlib,model.onnx,4
